First Name,M.I,Last Name,Suffix,SSN,Address 1,Apt Suite#,City,State,ZIP,DOB,Notes
Timothy,r,Fawley,,216979846,560 W Kirkland Street,,BUTLER,PA,16001,12/18/1992,
Jaqueline,h,Feldmann,,74246952,9109 Maple Ave,,CLARKSTON,MI,48348,3/15/1999,
Ghislaine,c,Dahle,,960630475,10 Pierce Street,,WESTBURY,NY,11590,10/9/1987,
Holley,v,Ham,,412681065,9058 Windsor Drive,,ROYERSFORD,PA,19468,11/15/1974,
Wilhelmina,c,Whisenhunt,,562988686,459 Manor St,,JONESBORO,GA,30236,4/1/1984,
Alfonso,x,Pippenger,,63659896,87 Country Drive,,SIOUX CITY,IA,51106,9/1/1992,
Marylyn,t,Maple,,114041936,8964 Bellevue Ave,,SCARSDALE,NY,10583,5/27/1993,
Alda,e,Watters,,327618743,23 Primrose Street,,MAINEVILLE,OH,45039,11/3/1968,
Enid,s,Penhollow,Jr,567126439,8248 SE Campfire Road,,BOYNTON BEACH,FL,33435,4/4/1979,
Lise,y,Lemasters,Sr,869624514,8767 Rose Avenue,,BRANFORD,CT,6405,1/2/1972,
Ernie,n,Lamoureux,,156991854,8067 Tanglewood Street,,CORONA,NY,11368,8/6/1991,Rehire
Taina,d,Pier,,419326949,209 Country Club Ave,,GLEN COVE,NY,11542,8/31/1999,
Clarice,e,Mirabella,,635171195,7568 Ohio Lane,Apt 19,WILSON,NC,27893,2/8/1965,
Krystina,g,Plant,,426741308,9622 Winchester Road,,EASTON,PA,18042,1/14/1974,
Su,u,Benoit,,44514556,33 Pawnee Ave,,RAPID CITY,SD,57701,2/20/1984,
Gudrun,j,Lapp,,463208449,30 East Fawn Street,Suite 42,MOUNT HOLLY,NJ,8060,10/7/1993,
Conception,d,Dacus,,228386476,47 Westport Street,,NEW BRUNSWICK,NJ,8901,9/16/1983,
Desiree,t,Borkowski,,537536662,9538 Applegate St,,HERNANDO,MS,38632,6/29/1971,
Keesha,j,Garlock,,918614146,24 Ramblewood St,,HELENA,MT,59601,4/1/1970,
Crista,b,Horiuchi,,490780247,258 Oak Meadow Avenue,,LANSDOWNE,PA,19050,10/14/1996,
Melia,d,Ostroff,,240189429,193 Manhattan St,,OPA LOCKA,FL,33054,4/16/1998,
Rebeca,a,Meisinger,,692572711,543 Arlington Street,,BROWNSBURG,IN,46112,5/23/1990,
Hugo,s,Garnes,,482780250,50 Fordham Drive,Apt D,NORCROSS,GA,30092,9/24/1987,
Justine,l,Soja,,470773016,8267 W Vermont Drive,,INDIAN TRAIL,NC,28079,12/19/1988,
Dominga,u,Demello,,767227720,41 Hickory Ave,,AMSTERDAM,NY,12010,11/16/1970,
Alysha,p,Guillen,,706717552,9323 Pumpkin Hill Rd,,NEWPORT NEWS,VA,23601,6/10/1998,
Damien,t,Scheuermann,,707237271,42 Manor St,,QUAKERTOWN,PA,18951,3/31/2017,
Verona,w,Radosevich,,412722597,792 Harvard Dr,,WEST DEPTFORD,NJ,8096,4/30/1996,
Timothy,r,Fawley,,2169846,560 W Kirkland Street,,BUTLER,PA,16001,12/18/1992,
Jaqueline,h,Feldmann,,742952,9109 Maple Ave,,CLARKSTON,MI,48348,3/15/1999,
Ghislaine,c,Dahle,,9606475,10 Pierce Street,,WESTBURY,NY,11590,10/9/1987,
Holley,v,Ham,,4126065,9058 Windsor Drive,,ROYERSFORD,PA,19468,11/15/1974,
Wilhelmina,c,Whisenhunt,,5688686,459 Manor St,,JONESBORO,GA,30236,4/1/1984,
Alfonso,x,Pippenger,,639896,87 Country Drive,,SIOUX CITY,IA,51106,9/1/1992,
Marylyn,t,Maple,,1141936,8964 Bellevue Ave,,SCARSDALE,NY,10583,5/27/1993,
Alda,e,Watters,,3278743,23 Primrose Street,,MAINEVILLE,OH,45039,11/3/1968,
Enid,s,Penhollow,Jr,5676439,8248 SE Campfire Road,,BOYNTON BEACH,FL,33435,4/4/1979,
Lise,y,Lemasters,Sr,8694514,8767 Rose Avenue,,BRANFORD,CT,6405,1/2/1972,
Ernie,n,Lamoureux,,1561854,8067 Tanglewood Street,,CORONA,NY,11368,8/6/1991,Rehire
Taina,d,Pier,,4196949,209 Country Club Ave,,GLEN COVE,NY,11542,8/31/1999,
Clarice,e,Mirabella,,6351195,7568 Ohio Lane,Apt 19,WILSON,NC,27893,2/8/1965,
Krystina,g,Plant,,4241308,9622 Winchester Road,,EASTON,PA,18042,1/14/1974,
Su,u,Benoit,,414556,33 Pawnee Ave,,RAPID CITY,SD,57701,2/20/1984,
Gudrun,j,Lapp,,4608449,30 East Fawn Street,Suite 42,MOUNT HOLLY,NJ,8060,10/7/1993,
Conception,d,Dacus,,2386476,47 Westport Street,,NEW BRUNSWICK,NJ,8901,9/16/1983,
Desiree,t,Borkowski,,5376662,9538 Applegate St,,HERNANDO,MS,38632,6/29/1971,
Keesha,j,Garlock,,9186146,24 Ramblewood St,,HELENA,MT,59601,4/1/1970,
Crista,b,Horiuchi,,4907247,258 Oak Meadow Avenue,,LANSDOWNE,PA,19050,10/14/1996,
Melia,d,Ostroff,,2409429,193 Manhattan St,,OPA LOCKA,FL,33054,4/16/1998,
Rebeca,a,Meisinger,,6972711,543 Arlington Street,,BROWNSBURG,IN,46112,5/23/1990,
Hugo,s,Garnes,,4880250,50 Fordham Drive,Apt D,NORCROSS,GA,30092,9/24/1987,
Justine,l,Soja,,4773016,8267 W Vermont Drive,,INDIAN TRAIL,NC,28079,12/19/1988,
Dominga,u,Demello,,7627720,41 Hickory Ave,,AMSTERDAM,NY,12010,11/16/1970,
Alysha,p,Guillen,,7017552,9323 Pumpkin Hill Rd,,NEWPORT NEWS,VA,23601,6/10/1998,
Damien,t,Scheuermann,,7077271,42 Manor St,,QUAKERTOWN,PA,18951,3/31/2017,
Verona,w,Radosevich,,4122597,792 Harvard Dr,,WEST DEPTFORD,NJ,8096,4/30/1996,
